order_id,customer_id,restaurant_id,order_date
1,391,48,2025/6/7
2,192,58,2023/12/20
3,46,34,2024/9/19
4,451,60,2023/11/19
5,270,29,2024/1/9
6,858,35,2025/4/29
7,578,8,2024/3/15
8,155,97,2025/7/21
9,714,86,2025/2/28
10,100,11,2025/4/6
11,685,45,2025/2/26
12,828,70,2024/7/26
13,424,97,2025/7/9
14,604,30,2025/6/7
15,567,8,2024/11/27
16,861,50,2024/7/2
17,839,67,2023/12/1
18,429,69,2025/5/28
19,704,61,2024/7/24
20,587,31,2023/10/2
21,488,39,2024/4/14
22,81,51,2024/11/11
23,925,92,2023/12/26
24,36,65,2024/9/9
25,585,67,2024/7/4
26,820,74,2025/2/25
27,694,80,2025/4/25
28,151,16,2025/2/25
29,973,97,2024/4/12
30,460,23,2024/12/19
31,972,22,2024/7/13
32,996,28,2025/6/21
33,828,25,2025/1/29
34,130,6,2025/9/21
35,434,11,2024/7/6
36,700,56,2023/12/15
37,207,81,2025/2/27
38,152,77,2024/3/21
39,265,41,2024/9/22
40,933,94,2023/10/11
41,937,9,2025/1/15
42,90,50,2025/8/8
43,570,51,2024/12/1
44,566,42,2024/6/2
45,878,36,2025/9/1
46,533,59,2025/1/7
47,940,2,2024/3/11
48,806,90,2025/2/6
49,639,76,2023/11/10
50,536,54,2025/1/27
51,116,54,2025/6/22
52,154,19,2024/9/16
53,581,76,2025/8/28
54,597,98,2025/3/19
55,988,13,2024/5/13
56,948,14,2025/2/7
57,577,100,2024/8/4
58,104,37,2023/12/21
59,889,69,2024/1/8
60,902,45,2023/10/27
61,899,53,2023/10/20
62,271,50,2024/5/15
63,671,63,2024/10/8
64,586,78,2023/12/21
65,485,5,2023/12/6
66,177,36,2024/3/22
67,413,19,2025/8/11
68,634,78,2024/11/12
69,698,89,2024/1/5
70,412,5,2024/7/19
71,406,43,2024/9/8
72,708,31,2024/7/6
73,51,96,2025/2/23
74,487,35,2025/4/21
75,919,48,2025/3/15
76,21,44,2024/11/14
77,838,39,2024/8/12
78,319,36,2024/12/21
79,864,63,2025/4/20
80,879,90,2025/4/8
81,702,13,2024/1/20
82,996,30,2025/8/9
83,138,39,2024/8/9
84,998,96,2025/2/11
85,454,100,2023/12/7
86,846,42,2025/6/30
87,276,94,2024/10/6
88,427,78,2025/1/12
89,662,12,2024/8/3
90,193,57,2025/9/20
91,217,53,2024/4/26
92,759,63,2023/10/17
93,778,67,2025/3/11
94,889,48,2024/7/5
95,841,8,2024/3/8
96,528,21,2024/8/31
97,68,40,2024/9/1
98,727,65,2024/3/23
99,414,18,2025/7/17
100,800,68,2024/6/29
101,901,73,2023/12/8
102,30,23,2025/3/7
103,198,26,2024/7/3
104,858,8,2024/11/17
105,256,5,2025/8/22
106,468,7,2025/2/3
107,941,47,2024/6/26
108,722,26,2023/11/8
109,281,48,2024/7/27
110,844,60,2024/4/23
111,518,51,2024/2/16
112,651,16,2023/12/25
113,698,4,2025/7/11
114,248,48,2025/6/23
115,501,77,2024/9/9
116,457,23,2023/12/2
117,984,61,2025/2/17
118,601,71,2024/3/4
119,359,45,2025/2/1
120,168,34,2025/1/30
121,767,89,2024/12/28
122,93,37,2023/10/8
123,29,50,2023/10/31
124,51,21,2025/5/25
125,875,74,2024/6/7
126,799,28,2024/3/29
127,878,29,2023/12/28
128,663,29,2025/5/25
129,694,27,2024/12/3
130,276,84,2024/2/28
131,420,66,2023/11/14
132,21,100,2025/6/27
133,991,99,2025/5/8
134,699,2,2024/11/25
135,486,17,2024/2/29
136,663,23,2024/12/20
137,616,2,2024/3/7
138,230,33,2025/6/14
139,623,40,2025/7/28
140,730,91,2024/3/20
141,659,36,2024/6/3
142,434,49,2025/5/15
143,873,45,2024/1/14
144,471,33,2025/5/26
145,224,60,2025/8/21
146,310,87,2024/12/27
147,534,80,2023/9/24
148,407,75,2024/4/24
149,105,1,2025/7/19
150,524,85,2024/1/12
151,990,48,2023/12/31
152,575,83,2024/11/14
153,609,78,2024/4/3
154,290,39,2025/6/3
155,701,14,2024/2/4
156,494,9,2023/12/16
157,345,36,2025/2/16
158,656,42,2025/7/25
159,883,36,2023/10/12
160,268,84,2024/1/2
161,729,84,2023/10/3
162,306,25,2024/6/26
163,154,67,2025/5/27
164,784,31,2025/5/26
165,922,8,2024/3/24
166,825,77,2024/12/22
167,414,85,2024/5/30
168,328,88,2023/10/4
169,144,93,2024/2/4
170,27,84,2024/4/15
171,510,38,2023/11/1
172,266,54,2023/12/29
173,415,50,2025/4/20
174,755,5,2024/8/13
175,598,91,2024/11/3
176,586,25,2023/12/19
177,352,93,2025/4/23
178,731,29,2023/11/10
179,703,69,2024/9/25
180,654,61,2024/9/4
181,929,86,2025/5/18
182,368,65,2024/6/29
183,308,22,2024/10/24
184,861,85,2024/12/26
185,898,72,2023/12/15
186,186,38,2024/9/7
187,100,61,2024/10/17
188,132,95,2024/3/12
189,265,93,2025/1/11
190,828,72,2023/10/25
191,782,24,2025/4/8
192,970,88,2025/5/22
193,922,43,2025/8/27
194,671,12,2025/7/26
195,228,46,2025/2/14
196,229,96,2024/10/31
197,893,40,2024/5/13
198,431,43,2024/9/11
199,381,34,2025/2/2
200,600,38,2023/10/16
201,475,16,2023/11/8
202,482,7,2024/9/28
203,888,82,2025/7/11
204,598,75,2024/7/29
205,967,80,2024/8/18
206,73,61,2025/3/7
207,911,25,2023/12/14
208,513,16,2024/10/6
209,889,88,2025/3/28
210,391,68,2025/8/28
211,306,53,2024/8/31
212,56,20,2023/11/18
213,141,26,2025/8/20
214,351,53,2023/11/23
215,584,59,2024/5/29
216,147,41,2025/1/6
217,884,92,2024/1/15
218,185,100,2023/11/12
219,83,63,2023/12/29
220,341,81,2024/4/22
221,182,41,2025/1/18
222,650,8,2025/1/25
223,5,58,2024/12/19
224,281,27,2024/11/20
225,780,100,2025/3/28
226,173,74,2024/5/31
227,783,21,2024/7/13
228,502,98,2024/12/29
229,799,12,2024/11/7
230,133,79,2024/5/8
231,445,82,2024/9/8
232,440,52,2024/10/18
233,440,62,2025/1/4
234,393,1,2024/8/21
235,39,69,2023/12/8
236,205,94,2025/5/30
237,383,2,2025/3/20
238,914,42,2023/12/19
239,776,68,2025/7/15
240,196,3,2025/2/11
241,693,1,2025/2/8
242,642,94,2025/8/3
243,255,29,2025/5/11
244,711,45,2024/11/23
245,320,17,2025/4/3
246,106,50,2025/7/25
247,516,76,2024/3/7
248,314,22,2024/8/21
249,67,6,2024/9/6
250,306,38,2025/8/11
251,467,94,2024/3/17
252,533,77,2024/8/8
253,537,44,2024/6/11
254,445,88,2025/6/25
255,138,44,2024/9/8
256,924,63,2024/7/27
257,368,97,2024/8/10
258,193,22,2025/4/10
259,971,52,2023/12/4
260,20,30,2024/5/21
261,230,94,2024/8/18
262,135,28,2024/5/21
263,752,3,2025/2/19
264,604,65,2024/4/6
265,174,16,2024/7/8
266,376,92,2024/1/18
267,667,5,2025/3/8
268,385,82,2025/9/7
269,262,99,2024/9/24
270,548,80,2023/11/13
271,50,77,2023/12/1
272,50,85,2025/6/29
273,111,84,2023/11/27
274,857,3,2023/12/3
275,50,89,2024/8/22
276,119,54,2023/12/6
277,455,49,2025/4/22
278,127,71,2025/4/17
279,259,61,2024/7/7
280,719,20,2025/6/13
281,211,89,2024/1/1
282,703,81,2024/11/27
283,10,39,2023/11/7
284,431,85,2024/12/20
285,104,85,2024/12/1
286,533,35,2024/12/1
287,638,78,2024/6/4
288,718,18,2025/2/23
289,429,14,2023/12/25
290,524,93,2024/8/6
291,633,16,2024/6/22
292,290,15,2025/7/31
293,804,14,2025/2/19
294,510,26,2025/9/21
295,624,26,2025/4/26
296,797,34,2024/8/15
297,852,67,2025/7/27
298,997,26,2025/9/2
299,367,91,2025/4/4
300,420,38,2023/10/31
301,165,6,2024/5/2
302,562,64,2024/12/31
303,933,27,2024/5/21
304,705,62,2024/6/21
305,339,31,2023/12/11
306,3,2,2024/12/13
307,688,12,2024/10/20
308,929,15,2024/3/5
309,856,74,2024/1/20
310,686,64,2025/2/13
311,153,12,2024/9/30
312,799,66,2024/3/14
313,77,93,2025/7/11
314,741,13,2023/12/15
315,927,33,2024/6/19
316,660,30,2025/7/9
317,468,38,2024/11/27
318,271,60,2024/7/3
319,52,13,2023/12/20
320,833,23,2025/5/6
321,896,6,2024/4/25
322,873,38,2024/12/10
323,369,87,2024/3/15
324,321,55,2025/6/9
325,757,15,2024/8/20
326,98,98,2025/7/9
327,912,6,2024/11/30
328,10,18,2025/5/10
329,680,83,2025/6/18
330,175,43,2025/1/16
331,367,57,2025/1/10
332,979,80,2025/2/27
333,275,94,2025/2/2
334,96,48,2024/11/27
335,835,44,2023/10/12
336,188,15,2025/1/7
337,411,52,2025/9/12
338,986,59,2025/2/13
339,279,50,2025/6/27
340,707,62,2025/3/13
341,820,54,2024/4/16
342,665,22,2023/10/14
343,116,17,2024/2/9
344,713,93,2024/4/21
345,61,21,2025/3/20
346,107,54,2025/5/6
347,934,76,2024/5/18
348,495,73,2025/9/6
349,695,57,2024/6/11
350,186,79,2024/6/20
351,389,100,2023/9/26
352,368,79,2024/2/9
353,30,88,2025/7/28
354,902,94,2024/1/11
355,997,17,2024/12/4
356,495,63,2025/2/13
357,116,53,2024/7/29
358,452,6,2023/11/15
359,65,34,2024/1/10
360,671,41,2025/4/19
361,13,91,2025/1/25
362,890,87,2023/10/15
363,538,99,2023/12/2
364,762,74,2025/4/23
365,742,73,2024/11/7
366,230,86,2024/3/7
367,895,44,2024/7/10
368,532,67,2024/8/13
369,705,90,2024/9/8
370,634,13,2024/6/12
371,444,85,2024/1/22
372,745,32,2024/7/5
373,494,45,2024/5/21
374,680,87,2025/4/4
375,657,50,2024/5/30
376,153,72,2025/5/17
377,914,79,2024/12/5
378,56,2,2024/12/28
379,659,21,2023/11/26
380,518,61,2025/8/8
381,873,64,2023/11/1
382,891,22,2024/1/20
383,77,97,2024/1/22
384,504,42,2025/4/29
385,247,43,2025/1/13
386,994,36,2023/10/30
387,52,65,2025/2/26
388,229,71,2023/11/24
389,659,49,2024/4/20
390,413,31,2024/8/31
391,81,59,2025/2/17
392,455,74,2024/8/16
393,459,12,2024/10/3
394,878,64,2025/1/5
395,458,41,2024/8/30
396,122,64,2024/8/8
397,764,84,2024/4/21
398,19,14,2024/3/7
399,414,53,2025/4/30
400,37,72,2024/10/23
401,563,1,2023/12/19
402,846,12,2024/6/16
403,811,78,2024/8/20
404,987,80,2023/12/17
405,653,39,2024/4/29
406,912,66,2025/3/1
407,576,27,2025/3/1
408,671,86,2024/12/25
409,468,44,2024/10/3
410,373,7,2024/11/4
411,837,29,2025/2/21
412,865,59,2024/5/18
413,340,72,2023/10/27
414,786,80,2024/3/11
415,615,61,2024/7/25
416,734,85,2024/12/30
417,373,92,2023/11/3
418,464,15,2023/9/27
419,100,98,2024/2/27
420,675,29,2024/5/13
421,3,44,2024/3/4
422,364,82,2025/5/10
423,988,38,2024/1/6
424,561,67,2025/5/7
425,383,90,2024/4/7
426,109,6,2024/5/3
427,919,22,2024/6/2
428,505,18,2023/12/24
429,842,92,2023/9/28
430,761,93,2024/10/12
431,420,14,2025/4/24
432,261,79,2024/8/21
433,201,25,2024/2/5
434,124,51,2023/12/31
435,221,59,2024/7/13
436,845,25,2024/11/8
437,734,44,2025/3/21
438,111,97,2024/3/18
439,425,6,2024/10/14
440,949,82,2024/11/28
441,858,87,2025/6/30
442,603,16,2025/2/21
443,791,58,2025/6/9
444,469,85,2024/6/23
445,604,65,2023/11/16
446,138,64,2024/7/26
447,5,68,2025/7/22
448,754,7,2025/4/20
449,567,56,2023/10/24
450,859,75,2024/8/25
451,495,66,2023/10/6
452,800,23,2024/9/13
453,709,75,2025/9/6
454,178,94,2023/11/21
455,835,17,2025/7/22
456,107,50,2024/5/22
457,674,77,2024/12/12
458,621,42,2024/8/20
459,517,50,2024/12/10
460,429,78,2024/8/1
461,938,89,2025/3/26
462,781,32,2025/1/31
463,281,51,2024/8/11
464,987,44,2024/5/3
465,994,38,2023/12/20
466,464,18,2024/8/1
467,142,53,2023/10/8
468,617,90,2024/5/31
469,908,96,2024/2/2
470,525,39,2025/6/5
471,864,90,2025/1/14
472,561,41,2024/9/13
473,729,95,2025/6/29
474,958,71,2025/3/10
475,648,28,2025/9/5
476,206,27,2024/6/29
477,640,92,2023/11/29
478,298,88,2024/8/26
479,354,87,2025/7/8
480,136,91,2023/12/13
481,666,23,2024/3/28
482,516,70,2024/8/25
483,711,82,2024/12/22
484,331,91,2024/7/29
485,119,98,2024/11/1
486,361,72,2023/11/22
487,492,75,2024/7/25
488,585,86,2025/7/29
489,728,54,2024/5/19
490,691,96,2025/4/23
491,916,69,2024/6/11
492,293,55,2024/3/12
493,828,2,2024/6/6
494,536,14,2025/5/19
495,26,49,2024/1/30
496,149,7,2023/11/20
497,687,8,2024/10/22
498,205,35,2025/1/25
499,769,21,2023/12/19
500,294,88,2024/11/7
501,257,19,2024/10/22
502,860,8,2024/2/19
503,708,38,2025/8/25
504,209,97,2025/5/16
505,555,5,2024/6/19
506,368,58,2024/6/20
507,105,79,2025/4/8
508,889,87,2025/6/19
509,758,72,2025/2/4
510,886,29,2025/6/16
511,761,83,2024/1/14
512,575,50,2024/3/23
513,244,66,2023/12/10
514,804,90,2024/1/13
515,295,89,2024/4/7
516,681,7,2024/2/22
517,949,49,2024/2/3
518,397,54,2025/1/1
519,980,88,2024/1/18
520,321,71,2025/5/4
521,56,2,2025/5/3
522,762,33,2025/2/12
523,208,80,2023/11/19
524,890,100,2024/2/6
525,882,57,2025/5/14
526,850,29,2025/1/21
527,934,82,2024/10/9
528,722,91,2024/9/16
529,664,48,2025/4/29
530,774,76,2024/12/2
531,560,95,2025/5/4
532,618,26,2024/12/15
533,795,93,2024/9/4
534,988,25,2025/3/4
535,302,58,2025/9/8
536,182,88,2025/8/7
537,77,24,2024/12/3
538,986,23,2025/2/2
539,753,66,2025/1/27
540,123,49,2025/1/19
541,42,55,2024/5/30
542,286,72,2025/7/24
543,271,17,2025/1/21
544,165,75,2024/5/24
545,867,33,2024/1/17
546,6,43,2024/8/28
547,478,91,2023/11/14
548,960,20,2024/9/20
549,41,20,2024/8/30
550,951,42,2025/1/24
551,612,7,2024/5/14
552,793,81,2025/6/1
553,631,85,2024/4/22
554,309,63,2024/12/24
555,809,74,2023/11/4
556,564,46,2024/6/21
557,75,91,2024/10/20
558,326,68,2023/11/18
559,226,24,2024/5/20
560,534,9,2024/9/14
561,806,65,2024/9/7
562,164,54,2023/10/21
563,557,69,2023/11/5
564,414,12,2024/7/4
565,358,29,2025/6/28
566,905,28,2024/5/1
567,680,43,2023/11/20
568,340,47,2025/2/3
569,301,28,2025/7/24
570,974,97,2025/7/17
571,634,68,2023/12/1
572,487,72,2025/1/11
573,844,97,2024/12/26
574,665,2,2024/10/19
575,118,86,2024/7/16
576,355,58,2024/9/15
577,247,83,2024/12/15
578,629,80,2024/11/25
579,250,6,2025/5/29
580,699,42,2025/4/17
581,391,15,2025/8/17
582,396,33,2023/10/23
583,554,93,2024/9/5
584,290,4,2025/8/28
585,934,67,2025/6/12
586,842,99,2024/12/9
587,384,66,2025/2/9
588,823,66,2024/2/15
589,457,63,2024/5/28
590,45,38,2025/1/3
591,920,84,2024/9/25
592,198,42,2024/10/15
593,527,11,2024/1/17
594,971,13,2023/11/9
595,172,99,2024/9/5
596,551,69,2023/12/11
597,8,81,2025/6/12
598,68,27,2025/8/20
599,687,81,2025/7/3
600,793,28,2024/6/14
601,886,88,2025/3/29
602,435,14,2023/11/26
603,211,69,2024/10/17
604,849,90,2025/2/4
605,900,95,2024/2/3
606,794,56,2023/10/22
607,663,10,2024/4/1
608,765,88,2025/3/24
609,158,4,2024/8/27
610,471,92,2024/8/28
611,340,5,2024/11/2
612,90,10,2024/11/1
613,56,23,2025/1/7
614,814,33,2024/1/23
615,572,10,2024/6/30
616,589,30,2024/7/7
617,933,34,2025/9/3
618,418,50,2024/4/28
619,462,81,2024/7/18
620,415,56,2024/8/4
621,324,3,2025/5/15
622,399,87,2024/6/10
623,122,69,2025/3/2
624,7,83,2024/12/29
625,738,80,2023/11/1
626,65,97,2025/5/27
627,764,75,2025/1/24
628,47,90,2025/2/5
629,869,10,2024/6/7
630,367,65,2023/11/12
631,109,38,2024/6/4
632,806,88,2023/12/4
633,309,78,2024/11/28
634,89,37,2025/3/1
635,784,57,2024/7/18
636,391,51,2024/4/29
637,842,85,2024/4/4
638,32,61,2025/4/6
639,161,69,2025/7/14
640,226,18,2025/2/12
641,765,51,2025/8/25
642,816,70,2025/1/2
643,303,82,2025/7/31
644,148,39,2024/1/16
645,694,94,2024/6/6
646,664,48,2023/11/24
647,981,2,2024/12/17
648,567,72,2025/2/18
649,145,16,2024/1/9
650,43,1,2025/9/3
651,587,77,2024/6/19
652,404,69,2024/5/19
653,561,11,2025/2/12
654,313,27,2025/3/17
655,767,95,2025/2/17
656,926,93,2024/7/22
657,353,28,2023/12/31
658,423,83,2024/12/27
659,872,66,2025/3/25
660,146,21,2025/9/19
661,189,29,2023/11/26
662,632,33,2024/5/19
663,199,15,2024/11/29
664,186,86,2024/7/10
665,819,73,2025/2/2
666,873,7,2025/5/28
667,872,97,2024/6/3
668,955,71,2025/6/14
669,473,83,2023/12/30
670,563,10,2025/2/23
671,298,86,2025/3/20
672,69,33,2025/6/26
673,101,26,2025/4/17
674,744,75,2025/3/7
675,499,43,2025/8/30
676,366,17,2024/11/3
677,688,84,2023/12/3
678,241,13,2025/2/4
679,292,80,2025/2/23
680,72,25,2024/8/15
681,326,63,2024/10/20
682,462,43,2024/6/29
683,632,85,2023/10/6
684,314,89,2024/6/29
685,599,20,2024/5/18
686,580,73,2024/2/9
687,374,41,2024/3/6
688,982,55,2024/6/13
689,173,1,2025/5/9
690,321,32,2024/10/3
691,805,29,2024/2/18
692,730,95,2024/3/15
693,657,56,2024/1/6
694,284,47,2024/1/20
695,138,87,2023/11/20
696,751,43,2024/5/8
697,899,62,2025/7/8
698,474,58,2025/5/26
699,368,100,2023/12/9
700,313,63,2024/10/20
701,565,14,2025/5/12
702,180,83,2024/11/14
703,622,11,2025/7/1
704,862,36,2025/4/17
705,880,18,2025/8/8
706,913,69,2024/11/3
707,202,34,2023/10/21
708,752,81,2025/2/17
709,79,94,2024/6/9
710,78,3,2025/8/2
711,870,65,2025/5/9
712,647,4,2025/1/14
713,833,75,2024/1/1
714,593,52,2024/12/28
715,788,76,2024/7/10
716,218,5,2024/1/19
717,565,34,2024/1/26
718,557,70,2024/2/9
719,484,84,2025/6/28
720,794,20,2025/3/13
721,375,51,2025/5/12
722,229,99,2025/1/19
723,604,94,2025/6/11
724,878,38,2025/8/23
725,138,60,2024/1/28
726,514,66,2025/4/4
727,93,51,2024/8/26
728,373,65,2023/10/25
729,11,85,2024/8/6
730,245,79,2024/6/30
731,701,22,2025/2/28
732,776,66,2025/4/2
733,144,58,2024/3/24
734,164,23,2024/9/1
735,580,73,2025/1/8
736,676,19,2024/4/30
737,754,94,2025/4/28
738,496,46,2025/4/25
739,42,29,2025/5/22
740,780,63,2024/9/4
741,238,9,2024/3/21
742,271,48,2024/11/9
743,240,6,2024/3/25
744,685,27,2024/5/19
745,531,47,2025/6/11
746,398,61,2025/5/23
747,940,59,2024/9/20
748,903,6,2025/8/24
749,41,84,2025/7/1
750,332,14,2024/2/19
751,721,67,2024/7/3
752,649,36,2025/3/1
753,855,95,2024/12/8
754,270,75,2024/8/29
755,558,73,2024/9/14
756,179,49,2025/5/11
757,670,49,2024/4/27
758,375,76,2025/5/18
759,670,10,2024/7/14
760,530,33,2024/10/16
761,386,29,2024/11/4
762,529,52,2024/8/12
763,362,45,2024/1/25
764,499,62,2025/6/17
765,909,78,2024/2/24
766,7,65,2025/6/5
767,904,18,2025/1/3
768,451,22,2024/1/7
769,236,10,2025/7/31
770,527,83,2024/4/3
771,288,28,2023/11/1
772,154,24,2025/2/1
773,162,47,2024/9/29
774,617,92,2025/7/31
775,837,16,2024/7/6
776,677,30,2024/11/25
777,425,43,2025/9/16
778,738,15,2023/12/10
779,494,87,2025/3/27
780,491,62,2025/7/10
781,216,76,2024/10/26
782,166,83,2025/7/14
783,854,53,2023/12/27
784,23,32,2024/4/30
785,45,17,2023/11/26
786,588,76,2025/5/6
787,165,18,2024/1/24
788,645,66,2024/4/20
789,41,74,2024/9/4
790,151,8,2025/8/25
791,171,34,2024/10/24
792,945,24,2024/1/14
793,530,52,2025/6/28
794,614,73,2024/8/26
795,653,3,2023/12/2
796,900,93,2025/8/29
797,746,85,2024/3/12
798,842,37,2025/6/17
799,970,11,2024/9/6
800,222,58,2025/8/9
801,622,61,2024/6/19
802,889,62,2025/9/13
803,175,29,2023/10/12
804,851,53,2024/8/9
805,616,19,2023/11/2
806,814,75,2024/7/25
807,841,99,2024/10/15
808,187,80,2024/7/8
809,676,66,2024/3/23
810,271,22,2024/7/17
811,742,88,2023/11/24
812,351,59,2024/7/9
813,611,76,2024/3/14
814,71,30,2023/10/13
815,388,50,2024/5/26
816,136,14,2025/9/13
817,17,26,2023/12/7
818,536,65,2025/7/4
819,701,54,2025/3/30
820,847,20,2025/2/7
821,621,13,2024/6/8
822,182,61,2025/5/28
823,924,79,2024/1/13
824,615,5,2024/1/6
825,899,69,2023/10/21
826,516,97,2024/5/1
827,121,12,2025/9/3
828,494,85,2025/6/27
829,134,78,2024/9/22
830,553,1,2025/3/15
831,919,100,2025/6/28
832,695,84,2024/1/7
833,442,67,2025/5/3
834,431,48,2025/3/23
835,896,6,2024/9/20
836,715,68,2024/9/4
837,440,30,2025/1/11
838,961,62,2023/9/26
839,809,99,2025/8/25
840,391,45,2023/11/22
841,604,95,2023/10/6
842,930,98,2024/4/7
843,858,90,2024/3/7
844,590,13,2025/7/1
845,436,18,2024/1/16
846,261,62,2024/11/21
847,785,30,2025/9/21
848,932,11,2025/4/8
849,291,77,2025/1/6
850,898,70,2024/11/4
851,419,33,2024/8/15
852,194,1,2023/12/17
853,727,96,2025/5/16
854,809,1,2024/5/2
855,592,67,2024/3/24
856,121,67,2024/5/12
857,8,49,2023/12/25
858,671,27,2023/10/29
859,705,41,2024/3/25
860,419,47,2024/8/13
861,110,20,2025/1/30
862,437,84,2025/5/30
863,600,33,2025/1/17
864,268,69,2024/9/11
865,434,73,2023/11/9
866,375,79,2023/12/17
867,283,88,2025/7/2
868,407,97,2025/8/25
869,209,53,2024/10/14
870,566,72,2024/12/28
871,495,23,2024/11/11
872,380,72,2023/10/4
873,569,62,2025/1/24
874,260,40,2024/10/26
875,592,45,2024/12/11
876,793,91,2024/3/27
877,408,95,2025/4/2
878,142,85,2024/1/11
879,122,96,2024/5/5
880,236,58,2024/8/20
881,802,90,2023/9/23
882,973,21,2025/1/11
883,103,28,2024/6/22
884,521,52,2024/3/26
885,805,44,2024/12/8
886,821,71,2024/8/10
887,629,90,2024/2/14
888,701,91,2025/2/19
889,54,21,2025/2/22
890,399,82,2023/11/27
891,6,12,2024/11/1
892,844,19,2024/6/28
893,483,77,2023/11/13
894,446,12,2024/11/3
895,66,34,2024/11/17
896,228,48,2024/10/20
897,82,78,2025/5/24
898,39,93,2024/10/20
899,394,52,2024/11/25
900,629,84,2023/10/7
901,534,37,2024/7/21
902,729,77,2025/7/31
903,59,100,2024/9/21
904,840,23,2023/10/25
905,656,64,2025/1/27
906,450,2,2024/7/18
907,207,85,2024/7/7
908,954,67,2024/4/6
909,293,25,2025/4/24
910,35,77,2023/10/4
911,523,67,2024/6/25
912,716,30,2025/5/26
913,630,22,2023/11/13
914,691,5,2024/6/15
915,369,31,2024/3/27
916,671,1,2025/4/13
917,1000,21,2025/2/13
918,89,36,2025/1/21
919,799,52,2023/12/11
920,362,86,2025/5/13
921,405,52,2024/12/16
922,601,26,2025/4/15
923,531,2,2025/5/1
924,755,91,2024/6/6
925,71,12,2024/1/3
926,563,37,2023/10/26
927,744,72,2024/6/21
928,937,75,2024/11/19
929,357,45,2024/6/10
930,987,36,2025/6/14
931,232,78,2025/2/2
932,987,25,2024/2/4
933,466,52,2025/6/27
934,589,1,2025/5/19
935,268,23,2025/3/6
936,417,65,2024/9/16
937,110,72,2025/3/15
938,75,65,2024/9/27
939,302,44,2025/1/24
940,970,15,2024/2/10
941,823,66,2025/6/13
942,980,33,2024/1/4
943,898,69,2023/11/10
944,833,74,2025/3/31
945,257,89,2025/5/16
946,454,49,2024/9/11
947,577,62,2023/10/20
948,789,32,2024/5/6
949,776,44,2024/2/25
950,985,100,2023/10/26
951,470,88,2025/5/28
952,472,76,2024/2/23
953,883,4,2025/8/10
954,494,15,2023/10/24
955,265,9,2024/5/24
956,392,82,2025/9/15
957,808,29,2024/5/19
958,694,90,2024/10/26
959,236,41,2024/7/27
960,423,46,2025/6/16
961,529,69,2024/11/16
962,10,90,2024/9/23
963,853,34,2024/4/5
964,255,37,2023/10/20
965,96,52,2025/4/29
966,690,96,2025/2/5
967,841,44,2024/2/17
968,78,71,2024/5/1
969,954,23,2024/6/25
970,488,41,2025/7/22
971,363,28,2025/5/20
972,916,74,2023/10/29
973,276,24,2025/7/25
974,970,96,2025/2/12
975,700,25,2024/6/5
976,511,95,2024/4/21
977,205,31,2023/12/27
978,754,31,2025/6/3
979,894,34,2024/7/3
980,212,30,2024/8/26
981,208,32,2025/8/12
982,857,80,2024/7/28
983,365,20,2025/4/21
984,798,14,2024/8/28
985,123,11,2025/8/16
986,693,85,2024/7/18
987,505,79,2024/6/11
988,7,98,2024/2/14
989,878,70,2024/10/11
990,981,6,2025/3/12
991,869,62,2024/10/12
992,381,80,2024/7/3
993,323,64,2025/9/8
994,920,74,2025/6/2
995,890,36,2024/10/29
996,503,24,2024/4/16
997,783,66,2025/6/5
998,287,51,2023/11/25
999,228,97,2025/4/8
1000,591,17,2024/8/16
1001,56,68,2023/11/22
1002,819,55,2024/8/21
1003,490,70,2025/1/1
1004,34,65,2025/6/21
1005,356,51,2024/2/9
1006,882,88,2024/11/18
1007,795,23,2024/5/7
1008,469,16,2024/5/28
1009,716,67,2023/12/10
1010,472,41,2023/11/23
1011,706,2,2024/6/2
1012,13,87,2025/2/16
1013,216,49,2024/5/8
1014,595,13,2024/5/17
1015,334,47,2024/9/2
1016,628,34,2025/1/2
1017,192,71,2025/4/1
1018,270,31,2024/8/17
1019,276,61,2024/1/29
1020,982,79,2025/3/10
1021,352,47,2024/8/31
1022,189,64,2024/6/21
1023,435,27,2024/9/3
1024,430,90,2023/10/24
1025,771,48,2025/4/8
1026,374,52,2025/7/28
1027,287,58,2025/8/30
1028,185,74,2024/6/21
1029,135,74,2025/1/11
1030,703,30,2024/8/24
1031,834,13,2024/4/22
1032,739,35,2025/1/30
1033,824,31,2025/5/28
1034,569,56,2023/11/5
1035,877,49,2023/11/19
1036,201,19,2025/2/24
1037,820,95,2025/1/29
1038,154,61,2024/8/2
1039,826,2,2024/6/30
1040,181,54,2024/10/24
1041,512,18,2025/6/5
1042,915,81,2025/4/26
1043,530,69,2025/3/2
1044,738,41,2024/1/24
1045,805,63,2023/10/16
1046,308,33,2024/1/10
1047,576,73,2025/7/12
1048,49,51,2025/1/5
1049,102,89,2025/3/1
1050,168,8,2025/5/20
1051,221,33,2024/8/27
1052,488,81,2023/10/19
1053,99,58,2023/12/29
1054,763,43,2023/11/13
1055,267,47,2024/3/23
1056,369,72,2025/5/18
1057,571,33,2025/2/4
1058,353,3,2024/7/2
1059,422,16,2024/6/29
1060,360,87,2024/7/15
1061,987,78,2024/12/5
1062,204,74,2023/10/17
1063,590,84,2025/1/3
1064,665,69,2024/1/19
1065,179,100,2025/3/2
1066,292,46,2024/9/5
1067,333,87,2024/7/6
1068,523,63,2024/7/6
1069,794,95,2024/8/31
1070,458,11,2025/5/6
1071,391,79,2023/11/20
1072,294,60,2024/12/10
1073,647,19,2024/1/6
1074,890,22,2024/11/6
1075,656,44,2024/7/3
1076,432,81,2024/7/27
1077,628,74,2024/5/23
1078,415,10,2025/2/7
1079,82,21,2024/4/25
1080,352,30,2024/4/2
1081,322,41,2023/12/19
1082,669,38,2023/10/12
1083,728,35,2025/4/15
1084,620,83,2024/2/13
1085,405,35,2024/10/13
1086,909,57,2024/10/28
1087,800,47,2024/7/18
1088,766,76,2025/8/31
1089,534,58,2024/12/1
1090,424,22,2023/12/22
1091,189,3,2024/4/12
1092,129,94,2025/5/15
1093,241,85,2024/4/11
1094,258,96,2025/3/21
1095,718,96,2024/9/2
1096,82,27,2024/3/6
1097,171,51,2025/1/9
1098,106,13,2024/4/30
1099,66,61,2025/3/14
1100,562,7,2025/9/2
1101,27,99,2024/10/7
1102,407,68,2024/2/24
1103,784,11,2023/12/26
1104,107,34,2024/1/5
1105,633,20,2025/7/15
1106,87,84,2023/11/18
1107,954,50,2024/9/7
1108,317,30,2024/2/3
1109,254,95,2025/8/20
1110,291,57,2025/3/29
1111,642,17,2024/9/1
1112,135,68,2023/11/29
1113,859,22,2025/6/12
1114,30,5,2025/3/4
1115,680,46,2025/7/9
1116,882,42,2024/5/27
1117,885,61,2025/2/21
1118,479,70,2024/6/17
1119,958,35,2025/3/26
1120,562,57,2023/11/11
1121,139,90,2024/11/22
1122,553,23,2024/11/16
1123,606,77,2024/5/4
1124,468,81,2025/8/14
1125,767,82,2024/5/11
1126,899,73,2025/7/14
1127,446,68,2024/1/22
1128,656,82,2025/3/27
1129,547,40,2025/3/26
1130,931,45,2025/9/11
1131,494,70,2025/3/18
1132,233,12,2025/1/29
1133,453,40,2024/2/4
1134,375,53,2025/5/30
1135,267,20,2024/6/28
1136,311,2,2024/10/21
1137,1,67,2024/3/14
1138,835,98,2023/12/25
1139,869,18,2024/2/25
1140,353,37,2025/5/29
1141,481,69,2024/1/7
1142,9,89,2024/3/23
1143,945,63,2025/5/27
1144,970,97,2024/10/9
1145,489,39,2023/10/12
1146,10,99,2024/6/28
1147,441,38,2024/11/25
1148,612,30,2024/12/9
1149,816,1,2024/7/4
1150,562,48,2024/9/19
1151,194,53,2025/6/7
1152,904,72,2024/11/23
1153,448,51,2023/12/31
1154,256,21,2025/1/9
1155,733,95,2025/8/8
1156,662,50,2023/11/27
1157,849,49,2023/11/12
1158,226,34,2024/5/19
1159,82,55,2024/7/27
1160,641,31,2025/3/31
1161,530,98,2025/4/2
1162,820,79,2024/9/27
1163,827,89,2024/11/3
1164,702,35,2024/8/6
1165,292,84,2025/5/11
1166,761,69,2024/8/5
1167,829,35,2025/6/22
1168,423,25,2024/12/11
1169,874,9,2023/11/18
1170,187,18,2023/12/28
1171,297,15,2024/5/25
1172,653,59,2025/2/1
1173,633,58,2023/11/18
1174,279,90,2024/9/5
1175,638,63,2024/9/17
1176,193,42,2025/3/3
1177,20,20,2024/10/27
1178,51,69,2024/6/15
1179,23,24,2023/12/30
1180,996,14,2025/8/3
1181,289,35,2025/6/26
1182,129,92,2025/5/20
1183,449,94,2024/11/23
1184,9,30,2025/1/30
1185,93,20,2024/12/21
1186,16,64,2024/2/10
1187,223,44,2025/5/10
1188,431,40,2023/12/31
1189,805,64,2024/8/23
1190,381,60,2024/10/16
1191,714,5,2025/8/29
1192,339,11,2025/7/27
1193,864,97,2023/11/4
1194,975,19,2025/6/28
1195,58,35,2023/12/27
1196,795,51,2024/10/28
1197,74,70,2024/1/18
1198,482,24,2024/5/15
1199,197,33,2024/1/27
1200,837,49,2024/1/25
1201,849,2,2024/5/29
1202,125,99,2025/9/17
1203,732,32,2025/3/25
1204,395,99,2024/3/15
1205,999,57,2024/6/16
1206,254,95,2025/9/21
1207,35,26,2024/10/29
1208,472,95,2025/8/17
1209,790,13,2024/4/29
1210,534,86,2025/7/10
1211,214,61,2023/11/22
1212,399,88,2024/4/3
1213,985,40,2024/2/21
1214,959,42,2025/1/27
1215,163,81,2024/11/22
1216,746,6,2024/4/22
1217,763,71,2023/12/28
1218,534,16,2025/1/19
1219,260,62,2024/5/14
1220,654,39,2025/1/11
1221,204,47,2024/11/9
1222,909,7,2023/12/3
1223,885,86,2024/10/16
1224,224,15,2025/1/31
1225,242,82,2024/1/30
1226,445,42,2024/12/24
1227,16,22,2024/12/16
1228,814,36,2024/1/19
1229,599,16,2024/2/1
1230,406,32,2025/2/14
1231,10,6,2025/1/19
1232,596,89,2025/4/3
1233,487,89,2025/8/22
1234,611,20,2025/1/4
1235,381,99,2024/6/10
1236,92,32,2025/7/7
1237,162,64,2025/9/8
1238,94,88,2024/12/2
1239,634,44,2023/10/23
1240,954,98,2025/6/23
1241,641,8,2025/7/23
1242,62,46,2023/10/14
1243,661,20,2023/11/24
1244,719,69,2023/10/27
1245,811,14,2025/2/1
1246,129,63,2025/5/12
1247,239,41,2024/12/12
1248,572,83,2024/4/14
1249,775,45,2025/2/8
1250,825,57,2024/3/3
1251,751,25,2025/5/9
1252,22,89,2024/12/9
1253,387,46,2024/8/10
1254,742,18,2025/1/14
1255,257,6,2025/1/30
1256,497,91,2023/10/15
1257,449,72,2024/10/12
1258,302,70,2025/8/12
1259,714,63,2025/1/21
1260,195,73,2024/11/18
1261,192,70,2024/5/3
1262,357,42,2025/2/1
1263,750,60,2024/5/13
1264,282,77,2024/10/1
1265,937,71,2024/3/30
1266,165,9,2025/6/8
1267,544,20,2025/6/10
1268,461,38,2025/3/7
1269,840,34,2024/8/2
1270,555,47,2024/5/10
1271,465,1,2024/9/8
1272,795,82,2023/11/17
1273,519,49,2025/3/9
1274,752,24,2023/11/7
1275,905,3,2024/1/22
1276,635,47,2024/8/28
1277,795,80,2024/8/9
1278,245,42,2024/10/2
1279,739,9,2024/9/16
1280,675,69,2024/2/27
1281,839,50,2024/6/12
1282,195,68,2025/1/5
1283,700,64,2024/1/11
1284,785,71,2024/5/21
1285,158,79,2025/7/22
1286,290,42,2025/4/1
1287,420,83,2024/5/27
1288,330,15,2025/4/14
1289,99,67,2025/7/21
1290,675,9,2024/6/16
1291,45,17,2024/7/27
1292,183,5,2024/1/1
1293,207,14,2025/5/4
1294,498,25,2024/7/5
1295,102,5,2024/10/25
1296,585,83,2024/12/1
1297,857,50,2023/12/13
1298,674,63,2024/5/26
1299,539,80,2024/3/27
1300,719,76,2024/9/18
1301,263,7,2023/12/26
1302,376,29,2024/4/16
1303,621,92,2024/9/5
1304,73,2,2024/4/1
1305,953,27,2024/1/9
1306,672,63,2023/12/6
1307,951,11,2023/10/31
1308,480,82,2024/5/4
1309,63,47,2024/7/16
1310,572,96,2025/7/24
1311,961,54,2025/1/11
1312,842,48,2024/8/11
1313,814,91,2024/4/1
1314,60,79,2025/7/25
1315,273,68,2025/8/22
1316,42,94,2024/1/24
1317,73,39,2025/6/14
1318,80,28,2024/6/2
1319,984,67,2025/9/16
1320,100,13,2024/12/13
1321,743,30,2025/4/4
1322,545,50,2024/5/21
1323,195,25,2024/2/16
1324,539,85,2025/5/6
1325,255,73,2024/1/23
1326,641,23,2024/10/13
1327,572,96,2024/10/25
1328,572,54,2024/9/18
1329,765,14,2024/10/13
1330,785,82,2025/8/4
1331,591,46,2024/5/18
1332,691,59,2024/10/12
1333,720,86,2023/10/10
1334,438,14,2023/11/30
1335,171,24,2024/7/23
1336,564,52,2024/10/18
1337,517,44,2024/9/11
1338,674,21,2024/3/26
1339,547,77,2024/3/7
1340,454,46,2024/12/18
1341,925,41,2024/6/22
1342,564,42,2023/10/29
1343,866,48,2023/10/31
1344,423,98,2024/4/27
1345,649,56,2024/10/10
1346,846,93,2024/12/29
1347,332,78,2025/8/7
1348,247,73,2025/7/7
1349,559,28,2025/2/11
1350,385,99,2025/2/25
1351,564,96,2024/9/21
1352,261,47,2024/4/30
1353,985,58,2024/11/11
1354,459,51,2023/9/28
1355,1,93,2025/7/11
1356,36,37,2023/12/14
1357,611,3,2024/8/21
1358,531,18,2024/1/4
1359,912,39,2025/8/7
1360,7,39,2024/4/14
1361,228,28,2025/4/9
1362,877,41,2024/7/2
1363,23,99,2025/5/7
1364,842,89,2024/7/31
1365,843,36,2024/7/2
1366,942,71,2023/10/27
1367,524,72,2024/7/29
1368,585,74,2023/10/31
1369,159,13,2024/12/7
1370,39,59,2024/12/1
1371,365,20,2024/2/20
1372,142,34,2024/6/29
1373,376,75,2024/11/24
1374,256,30,2024/5/3
1375,263,39,2023/11/18
1376,95,74,2024/7/18
1377,410,73,2024/10/17
1378,940,28,2024/9/5
1379,752,10,2025/5/7
1380,741,42,2024/11/22
1381,812,62,2024/4/26
1382,178,63,2025/6/24
1383,846,89,2025/1/18
1384,720,74,2025/3/3
1385,840,13,2025/1/8
1386,610,83,2023/12/23
1387,308,5,2023/12/30
1388,749,74,2023/12/6
1389,391,11,2024/7/23
1390,799,8,2024/7/7
1391,944,99,2025/5/31
1392,343,45,2024/6/11
1393,901,56,2024/11/28
1394,427,16,2025/9/20
1395,891,99,2024/7/1
1396,233,96,2025/4/30
1397,669,78,2024/1/12
1398,951,2,2024/2/23
1399,650,100,2025/1/1
1400,648,49,2024/10/21
1401,56,40,2024/7/29
1402,537,6,2024/10/14
1403,327,70,2023/10/23
1404,579,20,2023/10/27
1405,335,65,2023/10/22
1406,715,29,2024/1/6
1407,157,7,2025/3/29
1408,690,94,2024/6/6
1409,403,58,2025/6/7
1410,771,77,2024/9/23
1411,590,65,2024/10/29
1412,93,29,2024/9/10
1413,443,38,2024/1/15
1414,806,51,2025/1/4
1415,152,17,2025/8/15
1416,345,11,2024/10/26
1417,488,74,2024/1/8
1418,764,7,2024/6/2
1419,562,52,2025/9/14
1420,269,11,2025/1/10
1421,409,65,2024/5/26
1422,445,100,2024/1/26
1423,715,17,2024/7/23
1424,781,18,2025/1/12
1425,493,72,2025/4/18
1426,203,63,2025/7/7
1427,405,84,2024/5/11
1428,586,26,2024/12/26
1429,575,79,2024/6/9
1430,754,68,2024/10/20
1431,253,32,2025/6/26
1432,74,35,2024/10/21
1433,796,56,2024/11/8
1434,332,88,2024/10/6
1435,947,74,2025/3/25
1436,92,15,2024/12/2
1437,688,53,2024/5/11
1438,434,47,2024/9/24
1439,357,25,2025/6/16
1440,329,45,2023/10/4
1441,609,84,2024/7/4
1442,25,99,2024/6/5
1443,313,22,2025/2/26
1444,359,79,2023/12/16
1445,842,57,2024/8/10
1446,639,19,2024/12/18
1447,452,6,2024/5/17
1448,947,30,2025/6/1
1449,205,88,2025/8/20
1450,383,20,2025/4/7
1451,776,94,2025/7/30
1452,874,11,2025/3/9
1453,116,95,2025/1/22
1454,56,32,2023/10/12
1455,972,80,2024/12/28
1456,949,19,2024/9/24
1457,890,37,2024/4/15
1458,15,44,2025/2/12
1459,711,15,2025/5/22
1460,313,58,2025/5/16
1461,483,3,2024/12/14
1462,340,27,2024/12/13
1463,758,69,2024/3/16
1464,217,27,2025/4/4
1465,560,67,2023/10/31
1466,769,34,2024/12/18
1467,562,62,2024/9/29
1468,638,94,2024/2/1
1469,145,89,2024/11/2
1470,716,86,2025/1/22
1471,19,49,2025/4/4
1472,597,85,2025/1/15
1473,540,6,2025/5/15
1474,262,22,2025/7/6
1475,62,37,2024/7/13
1476,206,90,2024/1/14
1477,633,35,2025/6/21
1478,55,60,2025/3/3
1479,671,2,2024/3/28
1480,69,50,2023/10/16
1481,677,35,2024/12/9
1482,679,85,2025/3/19
1483,369,14,2023/12/16
1484,20,38,2024/2/17
1485,889,84,2023/10/6
1486,396,30,2024/8/29
1487,390,66,2024/5/22
1488,727,13,2024/8/12
1489,926,41,2024/1/17
1490,497,77,2024/8/7
1491,545,12,2025/3/11
1492,191,26,2024/2/27
1493,513,59,2024/8/5
1494,575,92,2024/10/15
1495,23,6,2025/5/15
1496,254,68,2025/1/8
1497,313,43,2025/9/5
1498,502,51,2024/9/22
1499,763,21,2025/7/30
1500,19,45,2025/7/11
1501,701,46,2025/4/15
1502,364,81,2025/4/8
1503,310,31,2023/11/9
1504,514,36,2025/3/23
1505,832,8,2024/1/7
1506,641,33,2024/10/28
1507,900,50,2024/3/1
1508,912,4,2024/11/30
1509,967,72,2024/5/31
1510,972,36,2025/2/17
1511,231,20,2024/9/27
1512,350,51,2024/11/3
1513,673,18,2024/7/10
1514,90,94,2024/5/22
1515,392,67,2024/2/3
1516,984,87,2024/9/13
1517,628,81,2025/8/30
1518,703,30,2024/11/9
1519,428,31,2024/6/13
1520,587,20,2024/11/19
1521,437,40,2024/6/23
1522,932,78,2025/2/27
1523,338,58,2025/5/13
1524,556,17,2025/7/26
1525,212,84,2025/4/3
1526,142,75,2025/3/3
1527,555,88,2025/2/2
1528,820,26,2025/6/7
1529,884,18,2025/3/13
1530,317,89,2024/4/14
1531,723,68,2025/1/7
1532,932,18,2024/10/2
1533,441,99,2024/2/18
1534,149,84,2024/3/31
1535,956,73,2024/4/25
1536,940,21,2024/11/28
1537,326,9,2024/5/10
1538,571,69,2024/3/14
1539,972,93,2024/5/10
1540,122,24,2025/5/12
1541,326,19,2024/5/3
1542,745,4,2025/3/22
1543,784,41,2024/2/29
1544,902,53,2025/3/11
1545,985,53,2025/3/22
1546,311,57,2024/10/5
1547,764,82,2024/5/25
1548,956,95,2024/9/28
1549,281,20,2024/6/18
1550,798,25,2024/11/30
1551,110,17,2025/9/16
1552,190,4,2025/9/16
1553,781,79,2025/5/31
1554,632,35,2025/4/4
1555,621,73,2024/4/21
1556,628,30,2024/5/2
1557,611,30,2023/12/25
1558,237,88,2024/12/10
1559,27,46,2025/2/28
1560,82,89,2024/11/16
1561,799,62,2024/7/12
1562,138,65,2025/8/17
1563,867,78,2024/7/24
1564,481,92,2025/6/18
1565,666,48,2024/6/16
1566,189,50,2025/5/14
1567,504,61,2025/6/7
1568,141,21,2024/1/13
1569,198,29,2024/5/4
1570,34,53,2023/10/24
1571,783,2,2024/5/2
1572,948,35,2025/3/29
1573,974,53,2023/11/22
1574,228,96,2024/6/17
1575,688,26,2025/9/8
1576,776,27,2024/8/30
1577,68,23,2025/2/12
1578,950,57,2024/4/8
1579,888,79,2025/4/24
1580,502,89,2024/9/28
1581,333,59,2024/3/6
1582,909,32,2024/2/25
1583,438,52,2025/6/26
1584,795,6,2024/11/13
1585,623,95,2024/4/19
1586,845,49,2025/9/15
1587,738,41,2024/12/1
1588,404,79,2025/3/15
1589,962,96,2024/4/19
1590,586,77,2024/1/6
1591,550,68,2023/12/15
1592,657,91,2025/1/12
1593,806,5,2025/4/19
1594,534,14,2024/12/20
1595,463,59,2024/3/25
1596,847,6,2024/3/28
1597,899,32,2023/10/31
1598,532,69,2025/2/23
1599,406,95,2025/8/25
1600,41,72,2024/11/7
1601,397,67,2024/3/15
1602,784,81,2025/1/29
1603,986,7,2024/3/20
1604,195,38,2023/11/1
1605,451,51,2023/12/8
1606,906,39,2024/8/8
1607,793,37,2024/6/4
1608,473,22,2025/4/1
1609,433,38,2024/9/22
1610,628,7,2023/12/9
1611,707,67,2025/3/4
1612,926,19,2025/5/12
1613,475,83,2024/1/6
1614,463,12,2023/9/26
1615,740,65,2024/11/22
1616,116,24,2025/9/12
1617,798,75,2024/1/22
1618,961,90,2024/8/3
1619,560,18,2025/2/10
1620,403,53,2025/9/17
1621,332,58,2025/8/6
1622,26,23,2025/8/4
1623,465,76,2024/9/25
1624,919,92,2024/9/26
1625,918,26,2025/2/8
1626,904,59,2024/2/23
1627,93,33,2025/5/1
1628,332,89,2024/5/2
1629,665,92,2024/5/28
1630,816,21,2024/4/30
1631,736,94,2025/2/4
1632,127,12,2023/11/6
1633,117,91,2025/8/27
1634,461,82,2025/5/11
1635,372,11,2023/11/30
1636,537,91,2025/2/9
1637,394,94,2024/12/10
1638,811,66,2024/3/20
1639,627,21,2024/11/10
1640,388,71,2025/4/17
1641,390,6,2025/4/5
1642,787,22,2025/7/13
1643,935,43,2025/9/18
1644,580,85,2023/10/20
1645,884,20,2025/8/31
1646,167,19,2025/9/6
1647,184,99,2024/2/4
1648,730,7,2024/8/11
1649,430,40,2025/8/7
1650,317,94,2025/7/3
1651,788,58,2024/2/5
1652,296,81,2025/9/16
1653,186,16,2025/9/5
1654,921,17,2023/10/20
1655,984,26,2025/7/2
1656,4,80,2024/7/26
1657,784,33,2025/5/26
1658,13,59,2024/10/10
1659,510,64,2024/2/13
1660,557,1,2025/9/18
1661,623,64,2025/4/25
1662,244,28,2025/7/30
1663,603,85,2025/9/10
1664,488,59,2024/5/3
1665,420,57,2025/8/2
1666,82,77,2023/10/21
1667,615,1,2023/9/29
1668,251,71,2024/5/10
1669,285,80,2024/12/6
1670,644,72,2025/1/2
1671,840,27,2023/12/14
1672,51,24,2025/9/12
1673,152,8,2024/6/8
1674,669,45,2024/4/30
1675,38,19,2024/9/8
1676,875,5,2025/2/1
1677,684,74,2024/11/16
1678,859,78,2024/11/2
1679,306,43,2024/10/9
1680,943,12,2025/8/12
1681,51,14,2025/9/20
1682,427,23,2024/1/4
1683,166,87,2025/7/14
1684,292,79,2024/10/17
1685,677,89,2024/9/19
1686,717,77,2024/4/20
1687,587,72,2024/2/18
1688,182,59,2025/6/11
1689,768,75,2023/12/18
1690,369,5,2024/6/4
1691,96,99,2024/1/26
1692,307,42,2025/4/11
1693,378,49,2024/9/12
1694,840,9,2025/2/6
1695,777,55,2024/4/8
1696,864,71,2025/4/2
1697,67,38,2024/2/13
1698,483,18,2023/10/2
1699,125,89,2025/4/16
1700,881,36,2024/6/9
1701,338,68,2025/5/28
1702,424,68,2024/5/8
1703,215,90,2024/12/6
1704,215,79,2025/2/26
1705,60,14,2025/5/2
1706,586,94,2024/2/19
1707,645,68,2024/2/5
1708,90,62,2025/1/8
1709,742,89,2025/7/17
1710,620,91,2025/1/30
1711,295,55,2025/8/18
1712,624,41,2024/8/1
1713,266,68,2025/6/25
1714,589,80,2024/8/19
1715,363,17,2024/10/26
1716,630,73,2024/6/2
1717,509,67,2023/11/28
1718,747,81,2024/7/29
1719,510,64,2025/2/22
1720,828,24,2023/12/5
1721,905,79,2024/2/12
1722,239,91,2024/1/9
1723,298,25,2024/9/26
1724,2,16,2024/5/30
1725,25,60,2025/9/17
1726,641,16,2024/4/1
1727,756,27,2023/9/27
1728,819,79,2024/4/11
1729,425,53,2024/7/15
1730,47,43,2024/3/22
1731,359,72,2024/9/2
1732,826,82,2025/4/29
1733,218,2,2024/4/16
1734,656,26,2024/6/4
1735,707,37,2024/5/13
1736,261,9,2024/12/17
1737,316,39,2025/4/5
1738,519,71,2024/12/9
1739,332,99,2023/9/30
1740,7,15,2024/4/12
1741,703,43,2025/2/10
1742,350,51,2024/6/27
1743,742,73,2025/3/13
1744,631,4,2024/3/23
1745,853,23,2023/11/9
1746,199,43,2025/2/21
1747,854,44,2023/12/22
1748,945,87,2024/9/17
1749,491,61,2024/5/17
1750,817,5,2024/1/24
1751,662,18,2024/8/1
1752,494,20,2025/3/7
1753,643,59,2024/10/16
1754,914,69,2025/9/7
1755,918,43,2025/8/17
1756,474,53,2025/8/11
1757,951,96,2025/3/21
1758,58,67,2025/5/11
1759,307,73,2024/5/20
1760,743,87,2025/3/11
1761,324,72,2023/12/22
1762,549,3,2025/1/30
1763,214,74,2025/9/2
1764,702,43,2025/9/21
1765,819,46,2024/5/8
1766,68,20,2024/7/3
1767,288,4,2025/1/11
1768,348,49,2024/3/11
1769,642,69,2024/3/10
1770,863,22,2024/1/3
1771,585,78,2024/9/27
1772,399,24,2024/1/18
1773,610,15,2024/9/9
1774,886,97,2025/4/24
1775,316,91,2025/1/4
1776,879,41,2024/7/8
1777,727,5,2024/8/9
1778,279,53,2025/3/20
1779,89,64,2024/11/21
1780,899,31,2025/8/30
1781,381,58,2024/9/21
1782,850,39,2025/5/2
1783,222,68,2024/11/12
1784,310,23,2025/6/5
1785,115,48,2025/2/18
1786,804,5,2025/6/24
1787,797,26,2024/3/9
1788,936,12,2025/5/5
1789,455,65,2024/4/1
1790,26,62,2025/3/3
1791,927,65,2025/4/30
1792,158,25,2024/12/27
1793,349,62,2025/7/31
1794,751,68,2025/5/25
1795,318,100,2023/11/24
1796,336,19,2024/11/3
1797,788,13,2024/9/2
1798,842,67,2024/11/5
1799,693,17,2025/3/21
1800,211,93,2024/6/29
1801,38,59,2023/11/21
1802,397,92,2025/9/3
1803,886,67,2024/12/3
1804,119,1,2023/12/18
1805,319,6,2023/11/8
1806,704,77,2025/6/26
1807,893,12,2024/11/20
1808,342,60,2025/8/23
1809,911,6,2024/10/18
1810,106,67,2024/2/26
1811,785,85,2024/12/9
1812,764,40,2024/11/11
1813,24,74,2024/1/16
1814,777,40,2024/1/27
1815,655,27,2024/6/2
1816,329,26,2025/7/16
1817,198,37,2024/10/30
1818,284,69,2024/8/30
1819,327,99,2023/12/21
1820,452,86,2025/3/3
1821,121,35,2024/2/28
1822,153,21,2025/3/31
1823,281,15,2024/12/17
1824,16,80,2024/10/5
1825,574,66,2023/12/1
1826,105,27,2025/8/20
1827,556,45,2024/10/22
1828,563,41,2024/9/2
1829,278,19,2025/6/11
1830,966,91,2023/11/4
1831,824,37,2024/9/8
1832,588,32,2024/1/2
1833,176,10,2024/10/24
1834,319,79,2024/8/9
1835,914,44,2024/9/10
1836,554,57,2024/12/3
1837,52,17,2023/11/5
1838,30,61,2024/11/29
1839,925,87,2024/9/15
1840,52,14,2025/2/25
1841,393,7,2025/6/9
1842,89,55,2024/5/18
1843,402,23,2025/4/5
1844,722,77,2023/10/8
1845,913,76,2024/7/25
1846,645,89,2024/4/6
1847,717,58,2025/6/17
1848,632,46,2023/9/24
1849,320,43,2025/4/23
1850,838,26,2024/3/9
1851,731,98,2024/12/14
1852,687,69,2023/11/17
1853,81,97,2023/10/27
1854,783,60,2024/8/16
1855,582,17,2024/6/15
1856,96,90,2025/3/19
1857,480,13,2023/11/10
1858,467,40,2024/11/15
1859,701,83,2023/11/7
1860,728,99,2025/9/16
1861,477,61,2025/8/16
1862,238,29,2023/11/14
1863,148,79,2025/9/16
1864,265,47,2024/9/22
1865,402,24,2023/10/16
1866,717,86,2024/5/1
1867,339,42,2024/8/4
1868,465,63,2024/2/8
1869,31,9,2025/5/11
1870,487,15,2024/1/5
1871,360,62,2025/5/8
1872,473,22,2025/2/1
1873,290,99,2025/4/10
1874,357,78,2025/2/4
1875,589,17,2024/8/13
1876,521,14,2024/7/8
1877,416,92,2025/8/14
1878,816,14,2024/7/15
1879,334,72,2024/9/4
1880,666,10,2025/7/28
1881,812,39,2025/9/3
1882,546,60,2025/8/26
1883,411,76,2024/7/11
1884,424,31,2024/7/9
1885,636,32,2023/11/23
1886,562,21,2025/3/5
1887,998,62,2025/2/17
1888,394,9,2025/8/1
1889,349,27,2024/11/13
1890,834,89,2024/1/3
1891,606,56,2025/2/10
1892,804,56,2025/7/21
1893,581,44,2024/6/18
1894,558,89,2023/12/23
1895,242,23,2024/2/7
1896,679,86,2024/11/12
1897,80,95,2024/7/23
1898,954,92,2024/11/5
1899,588,63,2023/12/29
1900,118,76,2025/4/9
1901,611,60,2024/3/12
1902,334,72,2025/7/1
1903,100,57,2023/9/24
1904,181,40,2025/5/1
1905,979,52,2023/10/9
1906,72,77,2024/5/10
1907,112,88,2024/9/15
1908,834,77,2025/2/26
1909,790,49,2025/4/2
1910,336,64,2024/11/17
1911,661,85,2024/8/16
1912,63,12,2024/11/8
1913,223,18,2024/7/12
1914,909,75,2025/6/22
1915,925,97,2024/3/18
1916,652,1,2024/4/1
1917,776,19,2024/9/13
1918,677,20,2024/6/16
1919,464,69,2024/1/20
1920,299,50,2024/4/23
1921,631,74,2024/2/15
1922,458,26,2025/9/19
1923,211,88,2025/8/1
1924,899,41,2025/4/7
1925,307,73,2025/5/8
1926,814,87,2023/12/18
1927,312,56,2023/10/17
1928,736,45,2025/6/11
1929,92,75,2025/2/15
1930,9,79,2024/8/12
1931,523,52,2025/1/11
1932,868,17,2025/5/9
1933,873,38,2025/9/18
1934,64,48,2025/8/8
1935,923,71,2025/8/12
1936,992,7,2023/10/4
1937,1,91,2024/3/26
1938,574,46,2024/2/29
1939,113,37,2023/11/13
1940,887,4,2023/12/9
1941,241,56,2024/12/26
1942,720,76,2023/10/18
1943,404,81,2024/9/2
1944,326,92,2024/12/29
1945,392,52,2025/2/24
1946,391,56,2025/3/21
1947,559,28,2025/7/30
1948,679,23,2023/10/29
1949,487,18,2024/3/30
1950,193,72,2025/4/19
1951,394,47,2023/10/26
1952,861,54,2024/7/30
1953,158,37,2024/8/27
1954,894,86,2024/3/22
1955,129,18,2024/11/14
1956,12,10,2024/3/8
1957,664,3,2025/4/29
1958,148,93,2025/7/23
1959,907,63,2025/5/16
1960,674,56,2023/11/4
1961,999,18,2024/1/8
1962,87,18,2024/10/17
1963,658,54,2024/5/3
1964,881,59,2024/3/21
1965,916,90,2025/6/16
1966,619,55,2025/9/2
1967,639,24,2025/4/12
1968,466,66,2024/12/12
1969,435,71,2024/5/26
1970,840,58,2024/12/13
1971,394,46,2024/12/29
1972,232,24,2025/5/14
1973,435,78,2025/2/25
1974,8,74,2025/6/18
1975,511,94,2024/5/28
1976,243,92,2024/3/24
1977,514,35,2024/5/13
1978,421,70,2025/8/2
1979,591,47,2024/1/11
1980,35,5,2025/2/15
1981,582,62,2024/10/30
1982,722,48,2024/3/11
1983,116,75,2024/8/8
1984,494,89,2024/5/12
1985,82,19,2024/4/22
1986,748,94,2023/11/8
1987,540,97,2024/11/27
1988,798,36,2024/12/24
1989,477,67,2025/8/5
1990,81,67,2025/4/15
1991,912,79,2025/8/30
1992,91,32,2024/2/5
1993,484,81,2025/1/20
1994,760,85,2025/3/2
1995,984,86,2024/8/18
1996,80,88,2024/11/26
1997,649,70,2024/10/10
1998,818,75,2023/10/28
1999,320,79,2024/6/15
2000,55,44,2025/2/2
